{
  "packId": "finra-promissory",
  "concern": "FINRA 2210 promissory / guaranteed-return language",
  "weights": {
    "b:20_return": 0.196764,
    "b:a_20": 0.196764,
    "b:a_profit": -0.200195,
    "b:a_sure": 0.174176,
    "b:about_your": -0.192124,
    "b:absolutely_no": 0.16155,
    "b:account_shortly": -0.192124,
    "b:act_today": 0.202976,
    "b:advisor_regarding": -0.263442,
    "b:advisors_promise": 0.175737,
    "b:agenda_for": -0.183312,
    "b:always_beat": 0.250774,
    "b:and_growth": 0.219949,
    "b:and_guaranteed": 0.517824,
    "b:and_is": -0.225367,
    "b:and_potential": -0.271302,
    "b:and_the": -0.120831,
    "b:and_vary": -0.270648,
    "b:and_we": 0.202976,
    "b:any_questions": -0.248301,
    "b:are_disclosed": -0.187499,
    "b:are_guaranteed": 0.16155,
    "b:are_locked": 0.122137,
    "b:are_not": -0.270648,
    "b:as_up": -0.120831,
    "b:as_well": -0.120831,
    "b:assured_profits": 0.175737,
    "b:assured_risk": 0.183739,
    "b:attached_contact": -0.248301,
    "b:beat_the": 0.250774,
    "b:beating_results": 0.175737,
    "b:before_investing": -0.187499,
    "b:but_does": -0.200195,
    "b:by_our": 0.183739,
    "b:can_go": -0.120831,
    "b:cannot_lose": 0.174176,
    "b:carefully_before": -0.187499,
    "b:consulting_your": -0.263442,
    "b:contact_us": -0.248301,
    "b:digit_yields": 0.174176,
    "b:discusses_sector": -0.271302,
    "b:diversification_may": -0.200195,
    "b:does_not": -0.401235,
    "b:double_digit": 0.174176,
    "b:double_your": 0.203188,
    "b:down_as": -0.120831,
    "b:downside_promise": 0.162692,
    "b:ensure_a": -0.200195,
    "b:every_other": 0.202976,
    "b:every_year": 0.196764,
    "b:fluctuate_and": -0.120831,
    "b:follow_up": -0.192124,
    "b:for_assured": 0.183739,
    "b:for_informational": -0.225367,
    "b:for_life": 0.162692,
    "b:for_our": -0.183312,
    "b:for_your": -0.192124,
    "b:free_and": 0.219949,
    "b:free_returns": 0.183739,
    "b:fund_is": 0.203188,
    "b:fund_seeks": -0.270648,
    "b:future_results": -0.20104,
    "b:gains_that": 0.250774,
    "b:go_down": -0.120831,
    "b:growth_is": 0.219949,
    "b:growth_returns": -0.270648,
    "b:guarantee_a": 0.196764,
    "b:guarantee_future": -0.20104,
    "b:guarantee_you": 0.202976,
    "b:guaranteed_and": -0.270648,
    "b:guaranteed_by": 0.183739,
    "b:guaranteed_double": 0.174176,
    "b:guaranteed_gains": 0.250774,
    "b:guaranteed_income": 0.162692,
    "b:guaranteed_market": 0.175737,
    "b:guaranteed_profits": 0.16155,
    "b:guaranteed_to": 0.367435,
    "b:guaranteed_your": 0.219949,
    "b:help_manage": -0.200195,
    "b:here_is": -0.183312,
    "b:in_value": 0.164247,
    "b:including_the": -0.24322,
    "b:income_for": 0.162692,
    "b:informational_purposes": -0.225367,
    "b:inquiry_our": -0.192124,
    "b:invest_now": 0.183739,
    "b:investing_involves": -0.24322,
    "b:investing_risks": -0.187499,
    "b:investment_advice": -0.225367,
    "b:investment_every": 0.196764,
    "b:investments_may": -0.20104,
    "b:involves_risk": -0.24322,
    "b:is_absolutely": 0.16155,
    "b:is_attached": -0.248301,
    "b:is_certain": 0.219949,
    "b:is_for": -0.225367,
    "b:is_guaranteed": 0.203188,
    "b:is_not": -0.225367,
    "b:is_protected": 0.219949,
    "b:is_the": -0.183312,
    "b:life_with": 0.162692,
    "b:locked_and": 0.122137,
    "b:long_term": -0.270648,
    "b:lose_a": 0.174176,
    "b:lose_money": 0.122137,
    "b:lose_value": -0.20104,
    "b:loss_of": -0.24322,
    "b:manage_risk": -0.200195,
    "b:market_beating": 0.175737,
    "b:markets_fluctuate": -0.120831,
    "b:material_is": -0.225367,
    "b:may_help": -0.200195,
    "b:may_lose": -0.20104,
    "b:meeting_agenda": -0.183312,
    "b:money_returns": 0.122137,
    "b:money_within": 0.203188,
    "b:never_lose": 0.122137,
    "b:next_tuesday": -0.183312,
    "b:no_risk": 0.361011,
    "b:no_way": 0.16155,
    "b:not_ensure": -0.200195,
    "b:not_guarantee": -0.20104,
    "b:not_guaranteed": -0.270648,
    "b:not_investment": -0.225367,
    "b:note_discusses": -0.271302,
    "b:now_for": 0.183739,
    "b:of_principal": -0.24322,
    "b:of_your": -0.120831,
    "b:on_your": 0.196764,
    "b:other_investor": 0.202976,
    "b:our_advisors": 0.175737,
    "b:our_firm": 0.183739,
    "b:our_portfolio": -0.183312,
    "b:our_research": -0.271302,
    "b:our_strategy": 0.250774,
    "b:our_team": -0.192124,
    "b:outperform_every": 0.202976,
    "b:past_performance": -0.20104,
    "b:performance_does": -0.20104,
    "b:please_review": -0.187499,
    "b:portfolio_can": -0.120831,
    "b:portfolio_review": -0.183312,
    "b:possible_loss": -0.24322,
    "b:potential_opportunities": -0.271302,
    "b:principal_is": 0.219949,
    "b:profits_and": 0.175737,
    "b:profits_there": 0.16155,
    "b:promise_assured": 0.175737,
    "b:promise_you": 0.284829,
    "b:promised_returns": 0.164247,
    "b:promises_guaranteed": 0.250774,
    "b:prospectus_carefully": -0.187499,
    "b:protected_and": 0.219949,
    "b:purposes_and": -0.225367,
    "b:quarterly_statement": -0.248301,
    "b:recommend_consulting": -0.263442,
    "b:regarding_these": -0.263442,
    "b:research_note": -0.271302,
    "b:results_investments": -0.20104,
    "b:return_on": 0.196764,
    "b:returns_are": -0.148512,
    "b:returns_guaranteed": 0.183739,
    "b:review_next": -0.183312,
    "b:review_the": -0.187499,
    "b:risk_but": -0.200195,
    "b:risk_free": 0.403688,
    "b:risk_including": -0.24322,
    "b:risk_whatsoever": 0.164247,
    "b:risks_are": -0.187499,
    "b:sector_trends": -0.271302,
    "b:seeks_long": -0.270648,
    "b:statement_is": -0.248301,
    "b:strategy_promises": 0.250774,
    "b:sure_thing": 0.174176,
    "b:tax_advisor": -0.263442,
    "b:team_will": -0.192124,
    "b:term_growth": -0.270648,
    "b:thank_you": -0.192124,
    "b:that_always": 0.250774,
    "b:the_fund": -0.270648,
    "b:the_market": 0.250774,
    "b:the_meeting": -0.183312,
    "b:the_possible": -0.24322,
    "b:the_prospectus": -0.187499,
    "b:the_value": -0.120831,
    "b:there_is": 0.16155,
    "b:these_transactions": -0.263442,
    "b:thing_with": 0.174176,
    "b:this_cannot": 0.174176,
    "b:this_fund": 0.203188,
    "b:this_material": -0.225367,
    "b:to_double": 0.203188,
    "b:to_lose": 0.16155,
    "b:to_triple": 0.164247,
    "b:today_and": 0.202976,
    "b:trends_and": -0.271302,
    "b:triple_in": 0.164247,
    "b:twelve_months": 0.203188,
    "b:up_about": -0.192124,
    "b:us_with": -0.248301,
    "b:value_no": 0.164247,
    "b:value_of": -0.120831,
    "b:way_to": 0.16155,
    "b:we_guarantee": 0.39974,
    "b:we_promise": 0.122137,
    "b:we_recommend": -0.263442,
    "b:well_as": -0.120831,
    "b:whatsoever_promised": 0.164247,
    "b:will_follow": -0.192124,
    "b:will_never": 0.122137,
    "b:will_outperform": 0.202976,
    "b:will_profit": 0.162692,
    "b:with_any": -0.248301,
    "b:with_guaranteed": 0.174176,
    "b:with_no": 0.196764,
    "b:with_zero": 0.162692,
    "b:within_twelve": 0.203188,
    "b:year_with": 0.196764,
    "b:you_are": 0.16155,
    "b:you_for": -0.192124,
    "b:you_will": 0.487805,
    "b:your_account": -0.192124,
    "b:your_inquiry": -0.192124,
    "b:your_investment": 0.196764,
    "b:your_money": 0.203188,
    "b:your_portfolio": -0.120831,
    "b:your_principal": 0.219949,
    "b:your_quarterly": -0.248301,
    "b:your_tax": -0.263442,
    "b:zero_downside": 0.162692,
    "u:20": 0.196764,
    "u:a": 0.170745,
    "u:about": -0.192124,
    "u:absolutely": 0.16155,
    "u:account": -0.192124,
    "u:act": 0.202976,
    "u:advice": -0.225367,
    "u:advisor": -0.263442,
    "u:advisors": 0.175737,
    "u:agenda": -0.183312,
    "u:always": 0.250774,
    "u:and": 0.052601,
    "u:any": -0.248301,
    "u:are": -0.174461,
    "u:as": -0.241663,
    "u:assured": 0.359476,
    "u:attached": -0.248301,
    "u:beat": 0.250774,
    "u:beating": 0.175737,
    "u:before": -0.187499,
    "u:but": -0.200195,