{
  "packId": "funds-movement-intent",
  "concern": "Intent to move funds",
  "weights": {
    "b:12000_to": 0.189506,
    "b:15000_and": 0.145737,
    "b:25000_to": 0.231926,
    "b:3000_to": 0.186802,
    "b:420_dollars": 0.197995,
    "b:4471_immediately": 0.113185,
    "b:50000_dollars": 0.113185,
    "b:7500_via": 0.265865,
    "b:9800_to": 0.143662,
    "b:a_blog": -0.2162,
    "b:a_calendar": -0.158347,
    "b:a_follow": -0.168524,
    "b:a_list": -0.215183,
    "b:a_payment": 0.143662,
    "b:a_recurring": 0.186802,
    "b:a_reply": -0.129696,
    "b:a_report": -0.207991,
    "b:a_same": 0.210194,
    "b:about_our": -0.2162,
    "b:account_ending": 0.113185,
    "b:account_now": 0.117764,
    "b:account_number": 0.145737,
    "b:account_right": 0.143662,
    "b:account_this": 0.161547,
    "b:account_to": 0.117764,
    "b:account_today": 0.178239,
    "b:ach_payment": 0.189506,
    "b:add_the": -0.240774,
    "b:an_ach": 0.189506,
    "b:and_confirm": 0.231926,
    "b:and_email": -0.284233,
    "b:and_forward": 0.265865,
    "b:and_notify": -0.253288,
    "b:and_send": 0.145737,
    "b:and_tag": -0.240774,
    "b:appointment_reminder": -0.17037,
    "b:as_discussed": 0.189506,
    "b:authorize_a": 0.210194,
    "b:balance_to": 0.178239,
    "b:bank_account": 0.178239,
    "b:beneficiary_and": 0.231926,
    "b:blog_post": -0.2162,
    "b:by_category": -0.240774,
    "b:by_channel": -0.207991,
    "b:calendar_invite": -0.158347,
    "b:call_details": -0.119203,
    "b:call_with": -0.168524,
    "b:catalog_and": -0.240774,
    "b:checking_account": 0.197995,
    "b:client_for": -0.168524,
    "b:compile_a": -0.215183,
    "b:confirm_the": 0.231926,
    "b:confirmation_number": 0.265865,
    "b:contractor_s": 0.143662,
    "b:create_a": -0.158347,
    "b:crm_record": -0.119203,
    "b:customer_for": -0.129696,
    "b:day_wire": 0.210194,
    "b:dentist_appointment": -0.17037,
    "b:design_review": -0.158347,
    "b:disburse_the": 0.161547,
    "b:dollars_to": 0.31118,
    "b:draft_a": -0.345896,
    "b:email_them": -0.284233,
    "b:employee_420": 0.197995,
    "b:ending_4471": 0.113185,
    "b:escrow_funds": 0.161547,
    "b:external_bank": 0.178239,
    "b:feature_launch": -0.2162,
    "b:feedback_on": -0.129696,
    "b:follow_up": -0.168524,
    "b:for_next": -0.168524,
    "b:for_the": -0.615758,
    "b:for_their": -0.129696,
    "b:forward_the": 0.265865,
    "b:from_the": 0.117764,
    "b:full_balance": 0.178239,
    "b:funds_from": 0.117764,
    "b:funds_to": 0.161547,
    "b:generate_a": -0.207991,
    "b:guide_into": -0.167838,
    "b:initiate_an": 0.189506,
    "b:internal_wiki": -0.253288,
    "b:into_spanish": -0.167838,
    "b:invite_for": -0.158347,
    "b:it_to": 0.145737,
    "b:last_quarter": -0.207991,
    "b:latest_call": -0.119203,
    "b:lead_with": -0.119203,
    "b:list_of": -0.215183,
    "b:meeting_notes": -0.284233,
    "b:move_funds": 0.117764,
    "b:new_external": 0.178239,
    "b:new_hires": -0.167838,
    "b:new_product": -0.240774,
    "b:next_wednesday": -0.168524,
    "b:notes_and": -0.284233,
    "b:notes_to": -0.253288,
    "b:notify_the": -0.253288,
    "b:number_provided": 0.145737,
    "b:of_12000": 0.189506,
    "b:of_3000": 0.186802,
    "b:of_9800": 0.143662,
    "b:of_last": -0.207991,
    "b:of_open": -0.215183,
    "b:offshore_account": 0.117764,
    "b:older_than": -0.215183,
    "b:on_friday": -0.158347,
    "b:on_the": -0.129696,
    "b:onboarding_guide": -0.167838,
    "b:open_support": -0.215183,
    "b:operating_account": 0.117764,
    "b:our_upcoming": -0.2162,
    "b:outstanding_invoice": 0.210194,
    "b:pay_the": 0.265865,
    "b:payment_of": 0.333168,
    "b:payroll_account": 0.186802,
    "b:please_remit": 0.231926,
    "b:post_about": -0.2162,
    "b:post_the": -0.253288,
    "b:product_skus": -0.240774,
    "b:project_team": -0.284233,
    "b:provided_below": 0.145737,
    "b:quarter_s": -0.207991,
    "b:record_for": -0.119203,
    "b:recurring_transfer": 0.186802,
    "b:reimburse_the": 0.197995,
    "b:release_notes": -0.253288,
    "b:reminder_for": -0.17037,
    "b:remit_25000": 0.231926,
    "b:reply_thanking": -0.129696,
    "b:report_of": -0.207991,
    "b:reschedule_the": -0.17037,
    "b:review_on": -0.158347,
    "b:right_away": 0.143662,
    "b:s_account": 0.305209,
    "b:s_website": -0.207991,
    "b:same_day": 0.210194,
    "b:schedule_a": 0.018278,
    "b:seller_s": 0.161547,
    "b:send_a": 0.143662,
    "b:send_it": 0.145737,
    "b:settle_the": 0.210194,
    "b:seven_days": -0.215183,
    "b:skus_to": -0.240774,
    "b:spanish_for": -0.167838,
    "b:summarize_the": -0.284233,
    "b:supplier_as": 0.189506,
    "b:support_tickets": -0.215183,
    "b:tag_them": -0.240774,
    "b:team_lead": -0.17037,
    "b:than_seven": -0.215183,
    "b:thanking_the": -0.129696,
    "b:the_account": 0.145737,
    "b:the_beneficiary": 0.231926,
    "b:the_catalog": -0.240774,
    "b:the_channel": -0.253288,
    "b:the_client": -0.168524,
    "b:the_confirmation": 0.265865,
    "b:the_contractor": 0.143662,
    "b:the_crm": -0.119203,
    "b:the_customer": -0.129696,
    "b:the_dentist": -0.17037,
    "b:the_design": -0.158347,
    "b:the_employee": 0.197995,
    "b:the_escrow": 0.161547,
    "b:the_full": 0.178239,
    "b:the_internal": -0.253288,
    "b:the_latest": -0.119203,
    "b:the_lead": -0.119203,
    "b:the_meeting": -0.284233,
    "b:the_new": -0.230372,
    "b:the_offshore": 0.117764,
    "b:the_onboarding": -0.167838,
    "b:the_operating": 0.117764,
    "b:the_outstanding": 0.210194,
    "b:the_payroll": 0.186802,
    "b:the_product": -0.129696,
    "b:the_project": -0.284233,
    "b:the_release": -0.253288,
    "b:the_seller": 0.161547,
    "b:the_supplier": 0.189506,
    "b:the_team": -0.17037,
    "b:the_transfer": 0.231926,
    "b:the_vendor": 0.37905,
    "b:their_checking": 0.197995,
    "b:their_feedback": -0.129696,
    "b:them_by": -0.240774,
    "b:them_to": -0.284233,
    "b:this_afternoon": 0.161547,
    "b:tickets_older": -0.215183,
    "b:to_settle": 0.210194,
    "b:to_the": 0.690073,
    "b:to_their": 0.197995,
    "b:traffic_by": -0.207991,
    "b:transfer_of": 0.186802,
    "b:transfer_the": 0.178239,
    "b:transfer_to": 0.210194,
    "b:translate_the": -0.167838,
    "b:up_call": -0.168524,
    "b:upcoming_feature": -0.2162,
    "b:update_the": -0.119203,
    "b:vendor_7500": 0.265865,
    "b:vendor_account": 0.113185,
    "b:via_wire": 0.265865,
    "b:website_traffic": -0.207991,
    "b:wiki_and": -0.253288,
    "b:wire_50000": 0.113185,
    "b:wire_and": 0.265865,
    "b:wire_transfer": 0.210194,
    "b:with_the": -0.287728,
    "b:withdraw_15000": 0.145737,
    "u:12000": 0.189506,
    "u:15000": 0.145737,
    "u:25000": 0.231926,
    "u:3000": 0.186802,
    "u:420": 0.197995,
    "u:4471": 0.113185,
    "u:50000": 0.113185,
    "u:7500": 0.265865,
    "u:9800": 0.143662,
    "u:a": -0.555282,
    "u:about": -0.2162,
    "u:account": 1.362694,
    "u:ach": 0.189506,
    "u:add": -0.240774,
    "u:afternoon": 0.161547,
    "u:an": 0.189506,
    "u:and": -0.134767,
    "u:appointment": -0.17037,
    "u:as": 0.189506,
    "u:authorize": 0.210194,
    "u:away": 0.143662,
    "u:balance": 0.178239,
    "u:bank": 0.178239,
    "u:below": 0.145737,
    "u:beneficiary": 0.231926,
    "u:blog": -0.2162,
    "u:by": -0.448764,
    "u:calendar": -0.158347,
    "u:call": -0.287728,
    "u:catalog": -0.240774,
    "u:category": -0.240774,
    "u:channel": -0.461278,
    "u:checking": 0.197995,
    "u:client": -0.168524,
    "u:compile": -0.215183,
    "u:confirm": 0.231926,
    "u:confirmation": 0.265865,
    "u:contractor": 0.143662,
    "u:create": -0.158347,
    "u:crm": -0.119203,
    "u:customer": -0.129696,
    "u:day": 0.210194,
    "u:days": -0.215183,
    "u:dentist": -0.17037,
    "u:design": -0.158347,
    "u:details": -0.119203,
    "u:disburse": 0.161547,
    "u:discussed": 0.189506,
    "u:dollars": 0.31118,
    "u:draft": -0.345896,