{
  "packId": "phi-in-context",
  "concern": "PHI present in message context",
  "weights": {
    "b:02_was": 0.140809,
    "b:04_02": 0.140809,
    "b:1111_insulin": 0.161906,
    "b:14_weeks": 0.201453,
    "b:1971_04": 0.140809,
    "b:19_3321": 0.188537,
    "b:1_240": -0.156393,
    "b:22_1111": 0.161906,
    "b:240_due": -0.156393,
    "b:2_diabetes": 0.161906,
    "b:30_payment": -0.156393,
    "b:3321_is": 0.188537,
    "b:3pm_meeting": -0.121522,
    "b:482_19": 0.188537,
    "b:555_22": 0.161906,
    "b:a_brain": 0.202478,
    "b:a_chronic": 0.146673,
    "b:a_positive": 0.169849,
    "b:a_representative": -0.202054,
    "b:admitted_for": 0.187259,
    "b:agenda_and": -0.205741,
    "b:align_on": -0.217418,
    "b:allergies_and": 0.185356,
    "b:an_abnormality": 0.201453,
    "b:and_a": 0.146673,
    "b:and_book": -0.121522,
    "b:and_deliverables": -0.217418,
    "b:and_dial": -0.205741,
    "b:and_her": 0.201453,
    "b:and_his": 0.179688,
    "b:and_mental": 0.185356,
    "b:and_prescribed": 0.188537,
    "b:and_started": 0.140809,
    "b:and_will": -0.186695,
    "b:antiretroviral_therapy": 0.140809,
    "b:appointment_booking": -0.238268,
    "b:are_below": -0.156393,
    "b:arrive_within": -0.186695,
    "b:at_your": -0.101148,
    "b:attached_chart": 0.185356,
    "b:attached_for": -0.127814,
    "b:attendance_for": -0.171426,
    "b:back_positive": 0.234033,
    "b:be_closed": -0.108784,
    "b:before_the": -0.127814,
    "b:being_treated": 0.188537,
    "b:biopsy_oncology": 0.169849,
    "b:blood_type": 0.146673,
    "b:book_the": -0.121522,
    "b:booking_feature": -0.238268,
    "b:brain_tumor": 0.202478,
    "b:brca1_came": 0.234033,
    "b:business_day": -0.202054,
    "b:c_and": 0.179688,
    "b:came_back": 0.234033,
    "b:cancer_biopsy": 0.169849,
    "b:changes_at": -0.101148,
    "b:chart_lists": 0.185356,
    "b:chronic_kidney": 0.146673,
    "b:closed_on": -0.108784,
    "b:conference_room": -0.121522,
    "b:confirm_your": -0.171426,
    "b:confirms_a": 0.202478,
    "b:confirms_the": 0.146673,
    "b:contact_you": -0.202054,
    "b:customers_self": -0.238268,
    "b:deliverables_for": -0.217418,
    "b:depressive_disorder": 0.188537,
    "b:details_for": -0.205741,
    "b:diabetes_patient": 0.161906,
    "b:diagnosed_with": 0.140809,
    "b:diagnosis_type": 0.161906,
    "b:dial_in": -0.205741,
    "b:disease_diagnosis": 0.146673,
    "b:disorder_and": 0.188537,
    "b:dob_1971": 0.140809,
    "b:doe_is": 0.201453,
    "b:draft_copy": -0.108112,
    "b:due_net": -0.156393,
    "b:feature_lets": -0.238268,
    "b:five_days": -0.186695,
    "b:flagged_an": 0.201453,
    "b:for_brca1": 0.234033,
    "b:for_hepatitis": 0.179688,
    "b:for_major": 0.188537,
    "b:for_next": -0.01494,
    "b:for_overdose": 0.187259,
    "b:for_reaching": -0.202054,
    "b:for_the": -0.28021,
    "b:for_this": 0.234033,
    "b:for_tomorrow": -0.205741,
    "b:for_your": -0.127814,
    "b:friday_here": -0.108112,
    "b:genetic_test": 0.234033,
    "b:goes_out": -0.108112,
    "b:has_shipped": -0.186695,
    "b:health_diagnosis": 0.185356,
    "b:hepatitis_c": 0.179688,
    "b:her_prenatal": 0.201453,
    "b:here_is": -0.313852,
    "b:his_viral": 0.179688,
    "b:history_of": 0.187259,
    "b:hiv_and": 0.140809,
    "b:hold_initiated": 0.187259,
    "b:in_details": -0.205741,
    "b:initiated_history": 0.187259,
    "b:instructions_are": -0.156393,
    "b:insulin_regimen": 0.161906,
    "b:invoice_total": -0.156393,
    "b:is_1": -0.156393,
    "b:is_14": 0.201453,
    "b:is_attached": -0.127814,
    "b:is_being": 0.188537,
    "b:is_elevated": 0.179688,
    "b:is_the": -0.313852,
    "b:issue_several": -0.139218,
    "b:jane_doe": 0.201453,
    "b:john_smith": 0.140809,
    "b:johnson_s": 0.169849,
    "b:kidney_disease": 0.146673,
    "b:lab_confirms": 0.146673,
    "b:lab_results": 0.169849,
    "b:lee_tested": 0.179688,
    "b:let_s": -0.217418,
    "b:lets_customers": -0.238268,
    "b:lists_the": 0.185356,
    "b:load_is": 0.179688,
    "b:login_issue": -0.139218,
    "b:major_depressive": 0.188537,
    "b:marketing_newsletter": -0.108112,
    "b:mary_johnson": 0.169849,
    "b:medications_allergies": 0.185356,
    "b:meeting_to": -0.121522,
    "b:member_482": 0.188537,
    "b:mental_health": 0.185356,
    "b:monday_for": -0.108784,
    "b:mr_lee": 0.179688,
    "b:mri_confirms": 0.202478,
    "b:net_30": -0.156393,
    "b:new_appointment": -0.238268,
    "b:newsletter_goes": -0.108112,
    "b:next_month": -0.171426,
    "b:next_quarter": -0.217418,
    "b:next_week": 0.202478,
    "b:of_substance": 0.187259,
    "b:office_will": -0.108784,
    "b:offsite_next": -0.171426,
    "b:on_monday": -0.108784,
    "b:on_the": -0.217418,
    "b:oncology_referral": 0.169849,
    "b:one_business": -0.202054,
    "b:our_new": -0.238268,
    "b:out_a": -0.202054,
    "b:out_friday": -0.108112,
    "b:overdose_psychiatric": 0.187259,
    "b:package_has": -0.186695,
    "b:patient_admitted": 0.187259,
    "b:patient_john": 0.140809,
    "b:patient_s": 0.534507,
    "b:patient_ssn": 0.161906,
    "b:payment_instructions": -0.156393,
    "b:please_confirm": -0.171426,
    "b:please_reschedule": -0.121522,
    "b:please_review": -0.101148,
    "b:policy_please": -0.101148,
    "b:positive_cancer": 0.169849,
    "b:positive_for": 0.413721,
    "b:pregnant_and": 0.201453,
    "b:prenatal_screening": 0.201453,
    "b:prescribed_sertraline": 0.188537,
    "b:privacy_policy": -0.101148,
    "b:project_timeline": -0.217418,
    "b:psychiatric_hold": 0.187259,
    "b:public_holiday": -0.108784,
    "b:quarterly_sales": -0.127814,
    "b:reaching_out": -0.202054,
    "b:referral_attached": 0.169849,
    "b:regimen_updated": 0.161906,
    "b:reminder_the": -0.108784,
    "b:report_is": -0.127814,
    "b:representative_will": -0.202054,
    "b:reschedule_the": -0.121522,
    "b:resolves_the": -0.139218,
    "b:results_show": 0.169849,
    "b:review_before": -0.127814,
    "b:review_the": -0.101148,
    "b:s_align": -0.217418,
    "b:s_blood": 0.146673,
    "b:s_lab": 0.169849,
    "b:s_medications": 0.185356,
    "b:s_mri": 0.202478,
    "b:s_standup": -0.205741,
    "b:sales_report": -0.127814,
    "b:scheduled_for": 0.202478,
    "b:screening_flagged": 0.201453,
    "b:self_serve": -0.238268,
    "b:serve_online": -0.238268,
    "b:several_users": -0.139218,
    "b:shipped_and": -0.186695,
    "b:show_a": 0.169849,
    "b:smith_dob": 0.140809,
    "b:software_update": -0.139218,
    "b:ssn_555": 0.161906,
    "b:started_antiretroviral": 0.140809,
    "b:substance_abuse": 0.187259,
    "b:surgery_scheduled": 0.202478,
    "b:team_offsite": -0.171426,
    "b:test_for": 0.234033,
    "b:tested_positive": 0.179688,
    "b:thanks_for": -0.202054,
    "b:the_3pm": -0.121522,
    "b:the_agenda": -0.205741,
    "b:the_call": -0.127814,
    "b:the_changes": -0.101148,
    "b:the_conference": -0.121522,
    "b:the_draft": -0.108112,
    "b:the_genetic": 0.234033,
    "b:the_invoice": -0.156393,
    "b:the_login": -0.139218,
    "b:the_marketing": -0.108112,
    "b:the_office": -0.108784,
    "b:the_patient": 0.534507,
    "b:the_privacy": -0.101148,
    "b:the_project": -0.217418,
    "b:the_public": -0.108784,
    "b:the_quarterly": -0.127814,
    "b:the_software": -0.139218,
    "b:the_team": -0.171426,
    "b:this_patient": 0.234033,
    "b:three_to": -0.186695,
    "b:thursday_and": -0.121522,
    "b:timeline_and": -0.217418,
    "b:to_five": -0.186695,
    "b:to_thursday": -0.121522,
    "b:tomorrow_s": -0.205741,
    "b:total_is": -0.156393,
    "b:treated_for": 0.188537,
    "b:tumor_surgery": 0.202478,
    "b:type_2": 0.161906,
    "b:type_and": 0.146673,
    "b:update_resolves": -0.139218,
    "b:updated_the": -0.101148,
    "b:users_reported": -0.139218,
    "b:viral_load": 0.179688,
    "b:was_diagnosed": 0.140809,
    "b:we_updated": -0.101148,
    "b:weeks_pregnant": 0.201453,
    "b:will_arrive": -0.186695,
    "b:will_be": -0.108784,